id,text,label_name,label
1,スマートフォンのバッテリー持続時間を延ばすには、画面の輝度を下げることが効果的だ。,テクノロジー,0
2,機械学習アルゴリズムは大量のデータから自動的にパターンを学習する。,テクノロジー,0
3,クラウドコンピューティングにより、企業はサーバーの維持コストを削減できる。,テクノロジー,0
4,5G通信は従来の4Gと比べて通信速度が大幅に向上している。,テクノロジー,0
5,人工知能は医療診断の精度向上に貢献している。,テクノロジー,0
6,ブロックチェーン技術は取引の透明性とセキュリティを高める。,テクノロジー,0
7,量子コンピュータは従来のコンピュータでは解けない問題を解決できる可能性がある。,テクノロジー,0
8,自動運転車にはLiDARやカメラなど複数のセンサーが搭載されている。,テクノロジー,0
9,ディープラーニングは画像認識の分野で革命的な進歩をもたらした。,テクノロジー,0
10,サイバーセキュリティの重要性は年々高まっている。,テクノロジー,0
11,IoTデバイスはインターネットに接続された家電製品の総称だ。,テクノロジー,0
12,ソフトウェアのアップデートはセキュリティ脆弱性を修正するために重要だ。,テクノロジー,0
13,仮想現実技術はゲームや教育分野での活用が進んでいる。,テクノロジー,0
14,オープンソースソフトウェアは誰でも自由に改変できるコードを公開している。,テクノロジー,0
15,APIを使うことで異なるサービス間のデータ連携が容易になる。,テクノロジー,0
16,Pythonはデータサイエンスや機械学習で広く使われるプログラミング言語だ。,テクノロジー,0
17,エッジコンピューティングはデータをクラウドではなく端末側で処理する技術だ。,テクノロジー,0
18,半導体チップの微細化により、処理能力は飛躍的に向上してきた。,テクノロジー,0
19,自然言語処理技術により、コンピュータが人間の言葉を理解できるようになった。,テクノロジー,0
20,Wi-Fi 6は旧規格と比べて通信速度と接続安定性が向上している。,テクノロジー,0
21,デジタルツインは物理的な物体をデジタル空間上に再現する技術だ。,テクノロジー,0
22,コンテナ技術はアプリケーションの移植性と展開効率を高める。,テクノロジー,0
23,ニューラルネットワークは人間の脳の神経回路を模倣した計算モデルだ。,テクノロジー,0
24,強化学習はエージェントが試行錯誤を通じて最適な行動を学習する手法だ。,テクノロジー,0
25,リチウムイオン電池はスマートフォンや電気自動車に広く使われている。,テクノロジー,0
26,マイクロサービスアーキテクチャは大規模システムを小さな独立したサービスに分割する。,テクノロジー,0
27,GPUはグラフィックス処理だけでなく、AI計算にも広く活用されている。,テクノロジー,0
28,スマートシティは情報技術を活用して都市の効率性と住みやすさを向上させる。,テクノロジー,0
29,拡張現実技術は現実世界にデジタル情報を重ねて表示する。,テクノロジー,0
30,DevOpsは開発チームと運用チームの連携を強化するソフトウェア開発手法だ。,テクノロジー,0
31,フィンテックは金融サービスをテクノロジーで革新する分野だ。,テクノロジー,0
32,ロボット工学は製造業だけでなく医療や介護の場にも応用されている。,テクノロジー,0
33,データベースのインデックスはクエリの検索速度を大幅に向上させる。,テクノロジー,0
34,TensorFlowはGoogleが開発した機械学習フレームワークだ。,テクノロジー,0
35,ゼロデイ脆弱性はソフトウェアのパッチが公開される前に悪用される危険がある。,テクノロジー,0
36,マルチクラウド戦略は複数のクラウドサービスを組み合わせて使う手法だ。,テクノロジー,0
37,ドローンは農業分野で作物の監視や農薬散布に活用されている。,テクノロジー,0
38,プロセッサのキャッシュメモリは頻繁にアクセスするデータを高速に読み書きする。,テクノロジー,0
39,アジャイル開発は反復的な開発サイクルで素早く製品を改善する手法だ。,テクノロジー,0
40,生体認証技術は指紋や顔認識でセキュリティを強化する。,テクノロジー,0
41,衛星インターネットは地上のインフラが整っていない地域にも通信を提供する。,テクノロジー,0
42,フォグコンピューティングはIoTデバイスとクラウドの中間に処理を分散する。,テクノロジー,0
43,コンパイラはプログラムのソースコードを機械語に変換するソフトウェアだ。,テクノロジー,0
44,ソフトウェアテストはバグを早期に発見してプロダクトの品質を担保する。,テクノロジー,0
45,ハイパーバイザーは一台のサーバー上で複数の仮想マシンを実行する。,テクノロジー,0
46,NFTはブロックチェーン上で管理されるデジタル資産の所有権を証明する技術だ。,テクノロジー,0
47,フラッシュメモリはデータを電気的に書き換えられる不揮発性の記憶装置だ。,テクノロジー,0
48,マイコンは小型の組み込みシステムで家電や産業機器の制御に使われる。,テクノロジー,0
49,プログラミング言語のRustはメモリ安全性を重視して設計されている。,テクノロジー,0
50,自動テストはCI/CDパイプラインの中でコードの品質を継続的に検証する。,テクノロジー,0
51,光ファイバーケーブルは光を使って大容量データを高速に伝送する。,テクノロジー,0
52,スマートスピーカーは音声認識AIを使って家電操作や情報検索ができる。,テクノロジー,0
53,モバイルアプリの開発にはiOS向けのSwiftやAndroid向けのKotlinが使われる。,テクノロジー,0
54,データウェアハウスは企業の分析用データを一元管理するシステムだ。,テクノロジー,0
55,コードレビューはチームメンバーがお互いのコードを確認して品質を高める。,テクノロジー,0
56,RFIDタグは無線で情報を読み取れる小型チップで在庫管理に活用される。,テクノロジー,0
57,マルウェアはシステムに損害を与える悪意のあるソフトウェアの総称だ。,テクノロジー,0
58,クロスプラットフォーム開発はAndroidとiOS両方で動くアプリを一度に作れる。,テクノロジー,0
59,ERPシステムは企業の業務全体を統合的に管理するソフトウェアだ。,テクノロジー,0
60,コンピュータビジョンは画像や映像から意味のある情報を抽出する技術だ。,テクノロジー,0
61,バイオメトリクスは生体情報を使って本人認証を行う技術の総称だ。,テクノロジー,0
62,マイクロコントローラはCPU・メモリ・I/Oを一つのチップに集積した装置だ。,テクノロジー,0
63,LiDARは光を使って周囲の距離や形状を計測するセンサー技術だ。,テクノロジー,0
64,ソフトウェア定義ネットワークはネットワーク構成をソフトウェアで柔軟に制御する。,テクノロジー,0
65,AIチップはニューラルネットワークの計算を効率的に処理するプロセッサだ。,テクノロジー,0
66,GitはソースコードのバージョンをチームでOK管理するための分散型システムだ。,テクノロジー,0
67,機能安全規格IEC 61508は機械や制御システムの安全設計の指針を定める。,テクノロジー,0
68,デバッガはプログラムの実行を制御してバグの原因を特定するツールだ。,テクノロジー,0
69,VPNは公共ネットワーク上に暗号化された安全な通信経路を構築する。,テクノロジー,0
70,ファジングはランダムなデータを入力してプログラムの脆弱性を発見するテスト手法だ。,テクノロジー,0
71,マルチスレッドプログラムは複数の処理を並列に実行してパフォーマンスを向上させる。,テクノロジー,0
72,ハードウェアアクセラレータは特定の計算処理を専用回路で高速化する。,テクノロジー,0
73,AIモデルの推論はクラウドだけでなくエッジデバイス上でも実行できる。,テクノロジー,0
74,セマンティックセグメンテーションは画像の各ピクセルにラベルを付与する技術だ。,テクノロジー,0
75,トランスフォーマーモデルは自然言語処理の精度を飛躍的に向上させた。,テクノロジー,0
76,プリント基板はICチップや電子部品を実装して回路を構成するベースだ。,テクノロジー,0
77,センサーフュージョンは複数のセンサーデータを統合して精度を高める手法だ。,テクノロジー,0
78,UMLはソフトウェアシステムの設計を視覚的に表現するモデリング言語だ。,テクノロジー,0
79,電子署名はデジタル文書の正真性と送信者を証明する暗号化技術だ。,テクノロジー,0
80,リアルタイムOSは厳密な時間制約のある組み込みシステムで使われるOSだ。,テクノロジー,0
81,モデル圧縮はニューラルネットワークを小型化して推論を高速化する技術だ。,テクノロジー,0
82,PWMはデジタル信号のオンオフ比率を変えてアナログ量を制御する手法だ。,テクノロジー,0
83,コンピュータネットワークのプロトコルはデータ通信の規則を定めた取り決めだ。,テクノロジー,0
84,マイクロサービスはサービスごとに独立してデプロイ・スケールできる設計だ。,テクノロジー,0
85,ソフトウェアのリファクタリングは外部動作を変えずに内部構造を改善する。,テクノロジー,0
86,継続的インテグレーションはコード変更のたびに自動ビルドとテストを実行する。,テクノロジー,0
87,GNSSは衛星からの信号を受信して地球上の位置を特定するシステムだ。,テクノロジー,0
88,組み込みシステムは特定用途に特化してリアルタイム処理を行う小型コンピュータだ。,テクノロジー,0
89,CANバスは車載機器間でデータをやり取りする産業用通信プロトコルだ。,テクノロジー,0
90,乗算器や加算器は算術演算を高速に処理するデジタル回路の基本要素だ。,テクノロジー,0
91,EKFはノイズのある観測値から状態を推定する非線形フィルタリング手法だ。,テクノロジー,0
92,モバイルエッジコンピューティングは基地局近傍でデータを処理して遅延を削減する。,テクノロジー,0
93,プログラマブルロジックデバイスはユーザーが回路構成を自由に書き換えられる半導体だ。,テクノロジー,0
94,ソフトウェアアーキテクチャはシステムの構造と設計上の重要な意思決定を定義する。,テクノロジー,0
95,ページングはOSがメモリを固定サイズのブロックに分割して管理する手法だ。,テクノロジー,0
96,バス幅はプロセッサが一度に転送できるデータのビット数を示す指標だ。,テクノロジー,0
97,差動信号はノイズに強い高速シリアル通信でよく使われる信号伝送方式だ。,テクノロジー,0
98,ハッシュ関数は任意のデータを固定長のハッシュ値に変換する数学的関数だ。,テクノロジー,0
99,ROS2はロボットアプリケーション開発のためのオープンソースフレームワークだ。,テクノロジー,0
100,FPGAはフィールドで回路構成を再プログラムできる柔軟な半導体デバイスだ。,テクノロジー,0
101,マルチコアプロセッサは複数のコアを搭載して並列処理性能を高めたCPUだ。,テクノロジー,0
102,サッカーの試合では前半と後半合わせて90分間プレーする。,スポーツ,1
103,マラソンは42.195キロメートルを走り切る長距離競技だ。,スポーツ,1
104,バスケットボールのゴールは地上3.05メートルの高さに設置されている。,スポーツ,1
105,野球では1試合9イニングを戦い、得点が多いほうが勝利する。,スポーツ,1
106,テニスのウィンブルドン選手権はグランドスラムの中で最も歴史が古い大会だ。,スポーツ,1
107,競泳の自由形では選手は最も速いクロールで泳ぐのが一般的だ。,スポーツ,1
108,ラグビーは楕円形のボールを使い、トライによって得点を獲得する。,スポーツ,1
109,柔道は相手を投げたり抑え込んだりして一本を取ることを目指す武道だ。,スポーツ,1
110,フィギュアスケートでは技術点と演技構成点の合計で順位が決まる。,スポーツ,1
111,バレーボールは1チーム6人で行い、3セット先取したほうが勝利する。,スポーツ,1
112,陸上競技の短距離走では飛び出しを助けるためにスターティングブロックを使用する。,スポーツ,1
113,剣道は竹刀を使い、頭・小手・胴・のどを打突して一本を競う日本の武道だ。,スポーツ,1
114,ゴルフはコースを少ない打数でホールインすることを目指すスポーツだ。,スポーツ,1
115,サーフィンは波のエネルギーを利用してボードの上で演技を披露する競技だ。,スポーツ,1
116,卓球のラリーは非常に速く、プロ選手は秒間に複数回のボールを打ち返す。,スポーツ,1
117,ボクシングは体重別に階級が分かれており、異なる体格の選手が公平に戦える。,スポーツ,1
118,スキージャンプは急斜面を滑走して飛距離と飛型点を競う冬季競技だ。,スポーツ,1
119,体操競技では鉄棒・平行棒・床・跳馬などの種目で演技を行う。,スポーツ,1
120,水泳の背泳ぎは仰向けの姿勢で両腕を交互に回して泳ぐ種目だ。,スポーツ,1
121,ハンドボールは片手でボールを投げ、相手ゴールに入れて得点を競う競技だ。,スポーツ,1
122,フェンシングは剣を使った武術を起源とするオリンピック種目のひとつだ。,スポーツ,1
123,クリケットはバットとボールを使い、主に英連邦諸国で人気のスポーツだ。,スポーツ,1
124,アーチェリーは弓を使って標的に矢を射る精密さを競う競技だ。,スポーツ,1
125,バドミントンのシャトルコックには天然の羽根や人工素材が使われる。,スポーツ,1
126,ウエイトリフティングはバーベルを頭上まで持ち上げて重量を競うスポーツだ。,スポーツ,1
127,アイスホッケーはスケート靴を履いてパックをゴールに入れる冬季競技だ。,スポーツ,1
128,トライアスロンは水泳・自転車・長距離走を連続して行う持久系競技だ。,スポーツ,1
129,バイアスロンはクロスカントリースキーとライフル射撃を組み合わせた冬季競技だ。,スポーツ,1
130,ロードバイクのレースでは山岳コースでの登坂力が勝敗を大きく左右する。,スポーツ,1
131,空手は突き・蹴りを使って相手を制する日本発祥の武道だ。,スポーツ,1
132,レスリングはタックルや投げを使って相手を押さえ込む格闘技だ。,スポーツ,1
133,砲丸投げは金属製の球を遠くへ投げる陸上競技の投てき種目のひとつだ。,スポーツ,1
134,競馬は騎手が馬に乗り、コースを最速で走り切ることを競う競技だ。,スポーツ,1
135,ヨットレースは風を利用して帆船を操り、コースタイムを競う競技だ。,スポーツ,1
136,スノーボードのハーフパイプはU字型のコースで技の高さと完成度を競う。,スポーツ,1
137,陸上競技の棒高跳びはポールを使って高い横棒を越えることを目指す。,スポーツ,1
138,サッカーのPKは12ヤードの地点からゴールキーパーと一対一で行う。,スポーツ,1
139,ラグビーのスクラムは両チームのフォワードがぶつかり合いボールを争う。,スポーツ,1
140,フィールドホッケーはスティックを使って相手ゴールに球を入れる競技だ。,スポーツ,1
141,相撲は土俵の外に出るか、足の裏以外が地面につくと負けになる。,スポーツ,1
142,マウンテンバイクはオフロードの険しいコースを自転車で走る競技だ。,スポーツ,1
143,モータースポーツのF1は最高時速300キロを超えるマシンで争われる。,スポーツ,1
144,スケートボードはオリンピックでも採用され若者を中心に人気が高まっている。,スポーツ,1
145,プロ野球の投手はストレート・変化球を組み合わせて打者を抑える。,スポーツ,1
146,バレーボールのサーブはゲームを始めたり相手にプレッシャーをかける重要な技術だ。,スポーツ,1
147,長距離ランナーは有酸素能力と乳酸閾値を高めるトレーニングを積む。,スポーツ,1
148,バスケットボールの3ポイントラインは外から放つシュートで3点が入る。,スポーツ,1
149,柔道のオリンピックは体重別に7つの階級に分かれて争われる。,スポーツ,1
150,テニスのダブルスは二人一組でプレーしボレーやアングルショットが重要だ。,スポーツ,1
151,トラック競技の400mは一人一レーン制で走るスプリント系の長距離種目だ。,スポーツ,1
152,陸上競技の三段跳びはホップ・ステップ・ジャンプの3段階で距離を競う。,スポーツ,1
153,競泳の平泳ぎは両手を同時に前に伸ばしてキックする正式な泳法のひとつだ。,スポーツ,1
154,サッカーのコーナーキックはゴールラインからボールを外に出したときに与えられる。,スポーツ,1
155,ロードレースのエリートサイクリストは1日に200km以上を走ることもある。,スポーツ,1
156,体操の床運動は音楽に合わせてアクロバット演技と柔軟性を組み合わせた種目だ。,スポーツ,1
157,アメリカンフットボールは11人対11人で4つのダウンを使って前進する。,スポーツ,1
158,ラクロスはスティックの先のネットでボールを運んで相手ゴールに入れる競技だ。,スポーツ,1
159,バスケットのオフェンスリバウンドは追加のシュート機会を生む重要なプレーだ。,スポーツ,1
160,野球の先発投手は一般的に試合の5回か6回までを目標に登板する。,スポーツ,1
161,スケートリンクのアイスホッケーはラグビーと同様に体力とスピードが求められる。,スポーツ,1
162,卓球のサービスは規則が細かく、ボールを16cm以上上げて打つ必要がある。,スポーツ,1
163,ゴルフのパーは各ホールの基準打数を意味し、そのホールの難易度を示す。,スポーツ,1
164,バドミントンのスマッシュは時速400キロを超えることがある非常に速い打球だ。,スポーツ,1
165,フェンシングはエペ・フルーレ・サーブルの3種目に分かれている。,スポーツ,1
166,柔道の内股は相手の内ももに脚を入れて投げる代表的な投げ技だ。,スポーツ,1
167,テニスのタイブレークは6-6になった後に行う短縮ゲームのルールだ。,スポーツ,1
168,マラソンの世界記録は2時間を切る水準に近づいてきている。,スポーツ,1
169,バレーボールのリベロは守備専門の選手でユニフォームの色が異なる。,スポーツ,1
170,サッカーのオフサイドルールは攻撃側の選手の位置取りを制限するルールだ。,スポーツ,1
171,陸上の走り高跳びは助走からバーを越える高さを競う跳躍種目だ。,スポーツ,1
172,スポーツにおける筋力トレーニングは競技パフォーマンスの向上に欠かせない。,スポーツ,1
173,スイムウエアの素材進化により競泳タイムが短縮されることがある。,スポーツ,1
174,チームスポーツでは戦術の理解とメンバー間のコミュニケーションが重要だ。,スポーツ,1
175,スポーツ科学は選手のパフォーマンス向上と怪我予防に貢献している。,スポーツ,1
176,オリンピックは4年に一度開催される世界最大規模のスポーツの祭典だ。,スポーツ,1
177,プロスポーツ選手はシーズンオフにも体力維持のトレーニングを継続する。,スポーツ,1
178,ビデオ判定はスポーツの審判の誤りを減らすために多くの競技で採用されている。,スポーツ,1
179,スポーツ栄養学は選手が最適なパフォーマンスを発揮するための食事を研究する。,スポーツ,1
180,ドーピング検査はスポーツの公平性を保つために重要な役割を担っている。,スポーツ,1
181,心拍数モニタリングはランナーやサイクリストのトレーニング強度の管理に役立つ。,スポーツ,1
182,スポーツビジネスは選手の移籍市場や放映権など経済的規模が非常に大きい。,スポーツ,1
183,スタジアムの芝の管理は選手のパフォーマンスや怪我予防に直結する。,スポーツ,1
184,スポーツ心理学はメンタルトレーニングで選手の集中力やモチベーションを高める。,スポーツ,1
185,eスポーツはプロゲーマーが競技するゲームの大会で観客動員数が増加している。,スポーツ,1
186,パラリンピックは身体障害を持つアスリートが競い合う国際スポーツ大会だ。,スポーツ,1
187,ウルトラマラソンは42.195キロを超える距離を走る長距離走の総称だ。,スポーツ,1
188,格闘技のグラウンドポジションは有利な体勢から相手をコントロールする技術だ。,スポーツ,1
189,競泳のターンは壁を蹴る力を利用して速度を維持する重要なテクニックだ。,スポーツ,1
190,サーフィンの大会では波の選択と技の完成度を組み合わせて採点される。,スポーツ,1
191,アーチェリーの弓の引き分けには正確な姿勢と力の配分が求められる。,スポーツ,1
192,剣道の試合は3分間で行い、2本先取した側が勝利する。,スポーツ,1
193,陸上のリレー競技はバトンパスのタイミングが勝敗の鍵を握る。,スポーツ,1
194,ポーツの練習量より質を重視するトレーニング方法が近年注目されている。,スポーツ,1
195,フィジカルトレーナーは選手の体力・筋力・柔軟性の向上をサポートする。,スポーツ,1
196,バスケットボールのピック＆ロールはスクリーンを活用するオフェンス戦術だ。,スポーツ,1
197,スケートボードのトリックは360度回転するスピンなど様々な技がある。,スポーツ,1
198,サッカーのプレスは高い位置から積極的にボールを奪いに行く戦術だ。,スポーツ,1
199,野球の変化球にはカーブ・スライダー・フォークボールなど多種多様な種類がある。,スポーツ,1
200,ラグビーのラインアウトは相手のボールが外に出た後に行う再開のプレーだ。,スポーツ,1
201,味噌汁は豆腐やわかめなどを具材にした日本の伝統的なスープ料理だ。,料理・食べ物,2
202,パスタを茹でるときは沸騰したお湯に塩を加えることで風味が増す。,料理・食べ物,2
203,天ぷらは衣をつけた野菜や魚介類を高温の油でさくっと揚げた料理だ。,料理・食べ物,2
204,フランスのクロワッサンはバターを生地に折り込んだリッチなパンだ。,料理・食べ物,2
205,寿司ネタの鮮度は握り寿司の味を大きく左右する重要な要素だ。,料理・食べ物,2
206,カレーに隠し味としてチョコレートを少量加えるとコクが増す。,料理・食べ物,2
207,発酵食品のヨーグルトは腸内環境を整える乳酸菌が豊富だ。,料理・食べ物,2
208,ラーメンのスープは豚骨・鶏がら・魚介など多様な出汁が使われる。,料理・食べ物,2
209,チョコレートのカカオ含有率が高いほど苦みが強くなる傾向がある。,料理・食べ物,2
210,オリーブオイルは地中海料理に欠かせない健康的な植物性油脂だ。,料理・食べ物,2
211,日本酒は米・麹・水を原料に醸造したアルコール飲料だ。,料理・食べ物,2
212,すき焼きは薄切り牛肉と野菜を割り下で煮込む冬に人気の鍋料理だ。,料理・食べ物,2
213,フランス料理のソースは料理の味と見た目を仕上げる重要な要素だ。,料理・食べ物,2
214,抹茶はお茶の葉を丸ごと粉末にしたもので和菓子や飲料に使われる。,料理・食べ物,2
215,イタリアのリゾットは米を炒めてからブロードで炊き上げるクリーミーな料理だ。,料理・食べ物,2
216,和食の出汁はかつお節や昆布から旨味成分を抽出して作られる。,料理・食べ物,2
217,スペインのパエリアはサフランで色付けされた米料理で魚介が定番の具材だ。,料理・食べ物,2
218,豆腐は大豆から作られる高タンパク質の植物性食品で様々な料理に使われる。,料理・食べ物,2
219,中国の餃子は日本の餃子より皮が厚く水餃子として食べることが多い。,料理・食べ物,2
220,チーズの熟成期間が長いほど風味が複雑になり独特の香りが生まれる。,料理・食べ物,2
221,タイ料理はナンプラーやコブミカンの葉など独特の食材で香りを演出する。,料理・食べ物,2
222,焼き鳥は鶏肉をひと口大に切り串に刺して炭火で焼いた日本の料理だ。,料理・食べ物,2
223,バターは牛乳の脂肪分を撹拌して固めた乳製品で料理の風味を高める。,料理・食べ物,2
224,メキシコのタコスはトルティーヤに肉や野菜などの具材を包んだ料理だ。,料理・食べ物,2
225,北京ダックは皮をパリパリに焼いて薄いパンに包んで食べる中国料理だ。,料理・食べ物,2
226,だし巻き卵は出汁を加えた溶き卵を巻いて焼いた日本の卵料理だ。,料理・食べ物,2
227,インドのビリヤニはスパイスで香りをつけた炊き込みご飯料理だ。,料理・食べ物,2
228,レモンの酸味は料理に爽やかさを加え、塩の代わりに使うことも多い。,料理・食べ物,2
229,唐揚げは下味をつけた鶏肉に片栗粉や小麦粉をまぶして揚げた料理だ。,料理・食べ物,2
230,イタリアのティラミスはマスカルポーネとエスプレッソを使ったデザートだ。,料理・食べ物,2
231,みりんは料理に甘みとツヤを加える日本の伝統的な調味料だ。,料理・食べ物,2
232,インドのカレーはターメリック・クミン・コリアンダーなど多様なスパイスで作る。,料理・食べ物,2
233,鍋料理はだし・具材・タレを自分好みにカスタマイズして楽しめる。,料理・食べ物,2
234,クレープは薄く焼いたパンケーキで甘い具材と塩味の具材両方に合う。,料理・食べ物,2
235,アボカドはクリーミーな食感と豊富な不飽和脂肪酸が特徴の果実だ。,料理・食べ物,2
236,甘酒は米麹を発酵させた甘い飲み物で栄養価が高くビタミンも含む。,料理・食べ物,2
237,ナンはインドで主食として食べる平焼きのパンでカレーと相性がいい。,料理・食べ物,2
238,角煮は豚バラ肉を甘辛いたれで長時間煮込んだとろとろの料理だ。,料理・食べ物,2
239,ギリシャのフェタチーズは羊や山羊のミルクから作られる塩気の強いチーズだ。,料理・食べ物,2
240,フォーはベトナムの平らな米麺を使ったスープ料理で牛肉が定番だ。,料理・食べ物,2
241,みそは大豆を麹と塩で発酵させた調味料で赤みそと白みそがある。,料理・食べ物,2
242,フランスのブルーチーズは内部にカビが繁殖した刺激的な風味のチーズだ。,料理・食べ物,2
243,鯖の塩焼きは皮をパリッと焼くことで香ばしさと旨みが引き立つ。,料理・食べ物,2
244,ペルーのセビーチェは生魚を柑橘果汁でマリネした冷たい料理だ。,料理・食べ物,2
245,豚汁は根菜や豆腐・こんにゃくをたっぷり入れた味噌ベースの汁物だ。,料理・食べ物,2
246,エスプレッソはコーヒー豆を高圧で抽出した濃厚なコーヒーだ。,料理・食べ物,2
247,もつ鍋は牛や豚のホルモンをポン酢やみそだしで煮込んだ鍋料理だ。,料理・食べ物,2
248,トルコのケバブは香辛料で味付けした肉を串に刺して焼いた料理だ。,料理・食べ物,2
249,そばは蕎麦粉を使った日本の麺料理で冷たいざるそばが夏の定番だ。,料理・食べ物,2
250,バゲットはシンプルな材料で作るフランスの細長いハード系のパンだ。,料理・食べ物,2
251,茶碗蒸しは卵と出汁を合わせて蒸した日本の伝統的な蒸し料理だ。,料理・食べ物,2
252,ギョーザの皮は薄力粉と強力粉を混ぜてもちもちした食感に仕上げる。,料理・食べ物,2
253,ハンバーグは牛と豚の合いびき肉に玉ねぎなどを混ぜて焼いた料理だ。,料理・食べ物,2
254,フムスは中東発祥のひよこ豆のペーストでパンやクラッカーと合わせて食べる。,料理・食べ物,2
255,漬物は塩・麹・ぬかなどを使って野菜を発酵・保存したものだ。,料理・食べ物,2
256,桜餅は餡を包んだ薄いピンク色の餅を桜の葉で巻いた和菓子だ。,料理・食べ物,2
257,ラタトゥイユは夏野菜をオリーブオイルで炒め煮にしたプロヴァンス料理だ。,料理・食べ物,2
258,甘栗は中国原産の栗を低温でじっくり炒って甘みを引き出したお菓子だ。,料理・食べ物,2
259,牛丼は薄切り牛肉と玉ねぎをしょうゆ・みりんで煮てご飯にのせた料理だ。,料理・食べ物,2
260,アイスクリームは乳脂肪・砂糖・空気を混ぜて凍らせたひんやりしたデザートだ。,料理・食べ物,2
261,しょうゆは大豆・小麦・塩を発酵させた日本の代表的な調味料だ。,料理・食べ物,2
262,ワッフルはベルギー発祥の格子状の型で焼いた甘いパンケーキ系の食品だ。,料理・食べ物,2
263,枝豆は塩ゆでして食べる夏のおつまみとして日本で広く親しまれている。,料理・食べ物,2
264,パンナコッタはクリームを寒天で固めたイタリアのシンプルなデザートだ。,料理・食べ物,2
265,おでんは練り物・大根・卵などをだし汁で煮込んだ冬の定番料理だ。,料理・食べ物,2
266,クスクスは北アフリカ発祥の小粒の粒状パスタで蒸して食べることが多い。,料理・食べ物,2
267,紅茶はチャの葉を完全発酵させて作った飲み物でミルクを加えると美味しい。,料理・食べ物,2
268,八宝菜は豚肉・海老・野菜などをあんかけにした中国料理だ。,料理・食べ物,2
269,グラタンは具材にベシャメルソースをかけてオーブンで焼いたフランス料理だ。,料理・食べ物,2
270,季節の野菜を使った料理は素材の甘みや旨みが最大限に引き出される。,料理・食べ物,2
271,調味料の比率を少し変えるだけで同じ食材でも全く異なる味に仕上がる。,料理・食べ物,2
272,食材の切り方によって加熱時間や食感が大きく変わる。,料理・食べ物,2
273,低温調理は食材をじっくり加熱することで肉が柔らかく仕上がる手法だ。,料理・食べ物,2
274,地元の食材を使った郷土料理はその地域の文化を反映している。,料理・食べ物,2
275,旨味の相乗効果はグルタミン酸とイノシン酸が組み合わさることで生じる。,料理・食べ物,2
276,揚げ物は油の温度管理がカラッと仕上げるための最重要ポイントだ。,料理・食べ物,2
277,料理のプレゼンテーションは味だけでなく食欲を刺激する重要な要素だ。,料理・食べ物,2
278,食物繊維が豊富な野菜は腸内環境を整え健康維持に役立つ。,料理・食べ物,2
279,塩漬けや燻製は食品の保存期間を延ばすための伝統的な手法だ。,料理・食べ物,2
280,発酵食品は消化を助け腸内の善玉菌を増やす効果が期待される。,料理・食べ物,2
281,スパイスは料理に風味を加えるだけでなく抗酸化作用を持つものもある。,料理・食べ物,2
282,甘い料理に少量の塩を加えると甘みが引き立つ対比効果が生まれる。,料理・食べ物,2
283,食材の鮮度を保つためには適切な温度での保存が最も重要だ。,料理・食べ物,2
284,ハーブはフレッシュなものを使うと香りが格段に豊かになる。,料理・食べ物,2
285,煮物は火加減と煮汁の量を調整することで味の浸み込み方が変わる。,料理・食べ物,2
286,麹は日本の食文化に欠かせない発酵微生物で様々な食品に使われる。,料理・食べ物,2
287,料理に使うだしのとり方によって全体の風味が大きく左右される。,料理・食べ物,2
288,食材の組み合わせで栄養素の吸収率が高まることがある。,料理・食べ物,2
289,甘酢あんかけは砂糖と酢のバランスが肝心なソースだ。,料理・食べ物,2
290,旬の食材は栄養価が高くコストパフォーマンスにも優れる。,料理・食べ物,2
291,パン生地の発酵時間を長くするほど風味が複雑になる。,料理・食べ物,2
292,ブロッコリーはビタミンCや食物繊維が豊富で栄養価の高い野菜だ。,料理・食べ物,2
293,チーズケーキはベイクドとレアチーズで食感と風味が大きく異なる。,料理・食べ物,2
294,そうめんは夏の暑い時期に冷たいつゆで食べる細い麺料理だ。,料理・食べ物,2
295,酢を料理に使うと風味が増すほか食材の色を鮮やかに保つ効果もある。,料理・食べ物,2
296,餅は糯米を蒸してついたもので日本の正月やお祝い事に欠かせない食品だ。,料理・食べ物,2
297,魚の刺身は包丁の切り方によって食感が変わる繊細な料理だ。,料理・食べ物,2
298,豚カツは衣をつけた豚ロースを揚げた日本でも人気の洋食料理だ。,料理・食べ物,2
299,富士山は日本一高い山で多くの観光客が登山や周辺からの景色を楽しむ。,旅行・観光,3
300,京都の伏見稲荷大社は連なる鳥居が有名な神社で外国人観光客に特に人気だ。,旅行・観光,3
301,イタリアのヴェネツィアはゴンドラが行き交う水の都として世界中から旅行者が訪れる。,旅行・観光,3
302,オーストラリアのグレートバリアリーフは世界最大のサンゴ礁地帯だ。,旅行・観光,3
303,エジプトのピラミッドは紀元前に建設された世界最古の巨大建造物のひとつだ。,旅行・観光,3
304,ニューヨークのセントラルパークは都市の喧騒の中に広がる大規模な公園だ。,旅行・観光,3
305,スペインのバルセロナにあるサグラダ・ファミリアは100年以上建設が続く大聖堂だ。,旅行・観光,3
306,北海道は冬の雪景色と夏の花畑が有名な日本の自然豊かな観光地だ。,旅行・観光,3
307,フランスのモンサンミッシェルは潮の満ち引きで島のように見える修道院だ。,旅行・観光,3
308,ブラジルのアマゾン川は世界最大の流域面積を持つ熱帯雨林地帯を流れる。,旅行・観光,3
309,沖縄の美しいサンゴ礁は国内外のダイバーや観光客に人気の観光地だ。,旅行・観光,3
310,スイスのアルプス山脈は雄大な雪山の景色とスキーリゾートで知られる。,旅行・観光,3
311,アイスランドではオーロラや間欠泉など大自然の神秘的な光景が見られる。,旅行・観光,3
312,ペルーのマチュピチュは雲の上にそびえる古代インカの遺跡都市だ。,旅行・観光,3
313,タイのバンコクは仏教寺院と近代的なビルが共存する活気ある都市だ。,旅行・観光,3
314,東京の渋谷スクランブル交差点は世界有数の人通りが多い観光名所だ。,旅行・観光,3
315,アメリカのグランドキャニオンは侵食によって形成された巨大な渓谷だ。,旅行・観光,3
316,ニュージーランドのフィヨルドランドは雄大な峡湾と豊かな自然が広がる。,旅行・観光,3
317,モロッコのマラケシュはカラフルな市場と伝統建築が魅力の都市だ。,旅行・観光,3
318,インドのタージマハールは愛妃のために建てられた白大理石の霊廟だ。,旅行・観光,3
319,奈良公園では人懐っこい鹿が自由に歩き回っており観光客を楽しませる。,旅行・観光,3
320,カナダのナイアガラ滝はアメリカとの国境に位置する壮大な滝だ。,旅行・観光,3
321,ポルトガルのリスボンは坂道と路面電車が特徴的な歴史ある港町だ。,旅行・観光,3
322,バリ島は神秘的なヒンドゥー文化と美しいビーチが魅力のリゾート地だ。,旅行・観光,3
323,ドバイは砂漠の中に建てられた超高層ビルと豪華なリゾートで有名だ。,旅行・観光,3
324,屋久島はスギの原生林が世界遺産に登録された鹿児島県の離島だ。,旅行・観光,3
325,ケニアのサファリでは野生のライオンやゾウを間近で観察できる。,旅行・観光,3
326,プラハの旧市街は中世のヨーロッパの雰囲気を今に伝える美しい街だ。,旅行・観光,3
327,韓国の済州島はハンラ山や玄武岩の絶景で知られる人気の観光地だ。,旅行・観光,3
328,ノルウェーのフィヨルドは氷河が削った深い入り江の絶景が楽しめる。,旅行・観光,3
329,ハワイのワイキキビーチはサーフィンや海水浴を楽しめる人気の観光地だ。,旅行・観光,3
330,カンボジアのアンコールワットは12世紀に建てられたクメール帝国の大遺跡だ。,旅行・観光,3
331,ローマのコロッセオは古代ローマ時代の巨大な円形競技場の遺跡だ。,旅行・観光,3
332,台湾の夜市は屋台グルメとショッピングが楽しめる台湾旅行の定番スポットだ。,旅行・観光,3
333,モルディブは透き通った海と白砂ビーチが魅力の島国リゾートだ。,旅行・観光,3
334,日光東照宮は徳川家康を祀る豪華な装飾が施された世界遺産の神社だ。,旅行・観光,3
335,南極大陸は地球上で最も寒く乾燥した大陸で氷山が広がる極地だ。,旅行・観光,3
336,チェコのチェスキークルムロフは城と旧市街が美しく保存された小さな街だ。,旅行・観光,3
337,サンフランシスコのゴールデンゲートブリッジは霧の中に浮かぶ赤い橋が名物だ。,旅行・観光,3
338,ナミビアのナミブ砂漠は世界最古の砂漠で赤い砂丘の絶景が広がる。,旅行・観光,3
339,長崎はオランダや中国との交易で栄えた歴史があり異国情緒が感じられる。,旅行・観光,3
340,パリのエッフェル塔は夜のライトアップが美しいフランスを象徴する建造物だ。,旅行・観光,3
341,グアテマラのアンティグアはスペイン植民地時代の建物が残る世界遺産の街だ。,旅行・観光,3
342,桂林は石灰岩の奇岩が林立する川沿いの絶景で中国を代表する観光地だ。,旅行・観光,3
343,サンクトペテルブルクは白夜の季節に運河と宮殿が幻想的な光景を生む。,旅行・観光,3
344,カッパドキアの奇岩地帯は気球ツアーで上空から眺めることができる。,旅行・観光,3
345,長野の上高地は澄み切った梓川と穂高連峰の絶景が楽しめる高原地帯だ。,旅行・観光,3
346,ヨルダンのペトラ遺跡は砂岩の岩を削って作られた古代ナバテア王国の都だ。,旅行・観光,3
347,京都の嵐山は竹林の小径と保津川のボートで知られる風情ある観光地だ。,旅行・観光,3
348,ボルネオ島はオランウータンやテングザルが生息する生物多様性豊かな島だ。,旅行・観光,3
349,バンフ国立公園はカナダのロッキー山脈に位置する美しい自然景観の宝庫だ。,旅行・観光,3
350,エルサレムはユダヤ教・キリスト教・イスラム教の聖地が集まる特別な都市だ。,旅行・観光,3
351,コルシカ島はフランス領の地中海の島でナポレオン誕生の地としても知られる。,旅行・観光,3
352,ブルゴーニュはワインの名産地として有名なフランス中東部の地方だ。,旅行・観光,3
353,ウィーンはモーツァルトやベートーベンゆかりの音楽の都として知られる。,旅行・観光,3
354,ガラパゴス諸島はダーウィンが進化論の着想を得た独自の生態系を持つ諸島だ。,旅行・観光,3
355,箱根は富士山の眺望と温泉で人気の東京近郊の観光地だ。,旅行・観光,3
356,ニューオーリンズはジャズ発祥の地としてアメリカ南部の文化が色濃く残る。,旅行・観光,3
357,東南アジアのジャングルトレッキングは豊かな動植物との出会いが魅力だ。,旅行・観光,3
358,クロアチアのドブロヴニクは赤い屋根が連なるアドリア海に面した美しい城塞都市だ。,旅行・観光,3
359,フィンランドのラップランドは冬にサンタクロースの故郷として観光客が訪れる。,旅行・観光,3
360,ニセコは国際的なスキーリゾートとして外国人スキーヤーにも人気の北海道の地だ。,旅行・観光,3
361,ランタン祭りで有名な台湾の平渓では夜空に無数の灯篭が舞い上がる。,旅行・観光,3
362,屋台グルメはアジア旅行の醍醐味のひとつで地元の食文化を体験できる。,旅行・観光,3
363,旅先でのホームステイは地元の人との交流を通じて文化を深く理解できる。,旅行・観光,3
364,長距離列車の旅は車窓から移り変わる景色を楽しめるゆったりした旅のスタイルだ。,旅行・観光,3
365,離島への旅は日常とは全く異なる自然環境に浸れる貴重な体験だ。,旅行・観光,3
366,世界遺産に登録された歴史地区は保全と観光のバランスを保ちながら守られる。,旅行・観光,3
367,バックパッカー旅行は低コストで多くの場所を旅する自由な旅スタイルだ。,旅行・観光,3
368,クルーズ旅行は船上での生活を楽しみながら複数の港を訪れることができる。,旅行・観光,3
369,旅行先の公共交通機関を使うと地元の生活文化を肌で感じることができる。,旅行・観光,3
370,観光地のオフシーズンは人が少なく、地元の雰囲気をゆっくり楽しめる。,旅行・観光,3
371,旅行保険は海外旅行中の突発的な事故や病気に備えるために加入が推奨される。,旅行・観光,3
372,文化的なエコツーリズムは自然環境を守りながら地域経済に貢献する旅行形態だ。,旅行・観光,3
373,旅の計画を立てる際には現地の気候や祝祭日を事前に確認することが大切だ。,旅行・観光,3
374,異文化体験は視野を広げ、自分の価値観を見直すきっかけを与えてくれる。,旅行・観光,3
375,写真を撮りながら旅をすると思い出が生き生きと記録できる。,旅行・観光,3
376,地元の人がすすめるレストランは観光ガイドに載っていない味に出会える場所だ。,旅行・観光,3
377,旅行先でのボランティア活動は地域社会に貢献しながら交流を深められる。,旅行・観光,3
378,空港のラウンジはフライト前に快適に過ごせる特別なスペースだ。,旅行・観光,3
379,ホテルの立地選びは観光スポットへのアクセスに大きく影響する。,旅行・観光,3
380,事前に両替しておくと現地でのスムーズなショッピングや食事に役立つ。,旅行・観光,3
381,旅の記録をブログや日記に残すことで旅の思い出が長く続く。,旅行・観光,3
382,登山装備の事前確認は山岳観光での安全確保に不可欠だ。,旅行・観光,3
383,市内観光には徒歩や自転車を使うと細い路地まで探索できる。,旅行・観光,3
384,地域の祭りや伝統行事に参加すると旅先の文化を深く体験できる。,旅行・観光,3
385,ビザの申請は旅行の数週間前に余裕を持って手続きを開始することが重要だ。,旅行・観光,3
386,旅行中は荷物の盗難対策として貴重品の管理を徹底することが大切だ。,旅行・観光,3
387,海外旅行では現地の通貨を使うのか電子決済が普及しているかを確認しておく。,旅行・観光,3
388,山岳トレッキングは高山病のリスクがあり無理なペース管理は危険だ。,旅行・観光,3
389,旅先の歴史博物館は地域の文化や歴史を深く理解する絶好の場所だ。,旅行・観光,3
390,観光バスより地元バスを使うとリアルな日常生活の様子を垣間見られる。,旅行・観光,3
391,旅行先の言語を少し学ぶだけで地元の人との距離が縮まる。,旅行・観光,3
392,人気観光地は予約なしで訪問すると長い行列を覚悟する必要がある。,旅行・観光,3
393,旅のしおりを事前に作成しておくと当日のスケジュール管理がスムーズだ。,旅行・観光,3
394,星空観測ができる山間の観光地ではプラネタリウムでは味わえない迫力がある。,旅行・観光,3
395,自然保護区の観光ルールを守ることが野生動植物の保護につながる。,旅行・観光,3
396,旅のハイシーズンは混雑するため、ロングステイのプランも検討する価値がある。,旅行・観光,3
397,現地の工芸品を購入することは地域の文化継承と経済支援にもつながる。,旅行・観光,3
398,有酸素運動を週3回以上継続することで心肺機能が向上する。,医療・健康,4
399,高血圧は脳卒中や心筋梗塞のリスクを高める生活習慣病のひとつだ。,医療・健康,4
400,睡眠不足は免疫機能の低下や集中力の低下を引き起こす可能性がある。,医療・健康,4
401,ビタミンDは骨の健康維持に不可欠で日光を浴びることで体内合成される。,医療・健康,4
402,糖尿病の管理には血糖値の定期的なモニタリングが非常に重要だ。,医療・健康,4
403,ワクチン接種は感染症の予防だけでなく集団免疫の形成にも貢献する。,医療・健康,4
404,うつ病は気分の落ち込みや意欲の低下を特徴とする精神疾患のひとつだ。,医療・健康,4
405,定期的な歯科検診は虫歯だけでなく全身疾患の早期発見にも役立つ。,医療・健康,4
406,食物繊維を十分に摂取することで腸内環境が整い便秘の予防になる。,医療・健康,4
407,MRIは磁気を利用して体内の組織や臓器を詳細に画像化する検査だ。,医療・健康,4
408,禁煙は肺がんや心臓病リスクの大幅な低下につながる重要な生活習慣の改善だ。,医療・健康,4
409,腸内細菌のバランスが乱れると免疫機能や精神的健康にも影響が出ることがある。,医療・健康,4
410,高齢者の転倒予防にはバランス訓練と下肢筋力強化が有効だ。,医療・健康,4
411,ストレスホルモンであるコルチゾールが長期間高い状態は健康に悪影響を及ぼす。,医療・健康,4
412,抗生物質はウイルスには効果がなく細菌感染症の治療に使用する薬だ。,医療・健康,4
413,体格指数BMIは体重と身長から計算し肥満や低体重の判断に使われる指標だ。,医療・健康,4
414,定期的なウォーキングは心臓血管系の健康維持に効果的な有酸素運動だ。,医療・健康,4
415,アレルギー反応はアレルゲンに対して免疫系が過剰に反応することで起きる。,医療・健康,4
416,脳卒中の初期症状には顔の歪み・腕の脱力・言語障害などがある。,医療・健康,4
417,水分補給は体温調節や代謝維持に不可欠で成人は1日2リットルが目安だ。,医療・健康,4
418,生活習慣病の予防には適切な食事・運動・睡眠の3つが基本となる。,医療・健康,4
419,認知症の予防には知的活動・社会参加・身体運動が有効とされている。,医療・健康,4
420,手洗いは感染症の予防に最も効果的かつ簡単な衛生習慣のひとつだ。,医療・健康,4
421,インスリンは血糖値を下げるすい臓から分泌されるホルモンだ。,医療・健康,4
422,関節リウマチは免疫系が関節を攻撃する自己免疫疾患のひとつだ。,医療・健康,4
423,骨粗しょう症の予防にはカルシウムと運動を組み合わせることが重要だ。,医療・健康,4
424,瞑想は心の落ち着きやストレス軽減に効果があると多くの研究が示している。,医療・健康,4
425,心電図検査は心臓の電気活動を記録し不整脈や心筋梗塞の診断に使われる。,医療・健康,4
426,コレステロールには善玉HDLと悪玉LDLがあり比率のバランスが健康の鍵だ。,医療・健康,4
427,糖質の過剰摂取は肥満や2型糖尿病のリスクを高める。,医療・健康,4
428,産後うつは出産後に発症する抑うつ状態で適切なサポートが必要な病態だ。,医療・健康,4
429,アルコールの過剰摂取は肝臓への負担を増やし肝硬変のリスクを高める。,医療・健康,4
430,紫外線対策は皮膚がんの予防と皮膚老化の抑制に重要だ。,医療・健康,4
431,貧血は赤血球や鉄分の不足で酸素が全身に届きにくくなる状態だ。,医療・健康,4
432,健康診断の結果を定期的に確認することで疾患の早期発見につながる。,医療・健康,4
433,タンパク質は筋肉の修復と成長に必要な栄養素で運動後の摂取が効果的だ。,医療・健康,4
434,花粉症は春に多い季節性アレルギーで目のかゆみや鼻水が主な症状だ。,医療・健康,4
435,食事の速さを遅くすることで満腹感が高まり過食の予防になる。,医療・健康,4
436,加齢黄斑変性は網膜の中心部が傷む疾患で視力に影響を及ぼす。,医療・健康,4
437,適切な姿勢を保つことは腰痛や肩こりの予防に効果がある。,医療・健康,4
438,体を動かす習慣はメンタルヘルスの改善にも良い影響を与える。,医療・健康,4
439,乳がんの早期発見には定期的な乳がん検診が非常に有効だ。,医療・健康,4
440,片頭痛は光や音に敏感になる特徴的な症状を伴う頭痛だ。,医療・健康,4
441,腰椎ヘルニアは椎間板が突出して神経を圧迫する状態で痛みやしびれが生じる。,医療・健康,4
442,熱中症は高温多湿の環境での活動中に体温が上昇することで発症する。,医療・健康,4
443,血液型はABO式とRh式の組み合わせで分類されることが多い。,医療・健康,4
444,医療機器の精度向上によって微細な病変も画像診断で検出しやすくなった。,医療・健康,4
445,慢性疲労は睡眠を十分にとっても回復しない持続的な疲労感が特徴だ。,医療・健康,4
446,適度な日光浴はビタミンD合成を促し骨の健康に好影響を与える。,医療・健康,4
447,摂食障害は食行動に重篤な問題が生じる精神疾患で専門的なケアが必要だ。,医療・健康,4
448,呼吸器疾患のリスク管理には室内の空気質の改善も重要な要素のひとつだ。,医療・健康,4
449,ヨガは柔軟性・筋力・バランスを総合的に高める心身の運動法だ。,医療・健康,4
450,医薬品の副作用は薬の成分や個人の体質によって大きく異なることがある。,医療・健康,4
451,胃潰瘍はストレスや感染症・鎮痛剤の長期使用によって引き起こされることがある。,医療・健康,4
452,食事における塩分の過剰摂取は高血圧や腎臓病のリスクを高める。,医療・健康,4
453,大腸がんは早期発見すれば治療成績が良く定期的な内視鏡検査が推奨される。,医療・健康,4
454,血圧は左右の腕で測定値が異なることがあり両方の測定が望ましい場合がある。,医療・健康,4
455,パーキンソン病は手の震えや動作緩慢を特徴とする神経変性疾患だ。,医療・健康,4
456,健康的な皮膚を保つには保湿・日焼け止め・十分な睡眠が重要だ。,医療・健康,4
457,慢性閉塞性肺疾患COPDは長年の喫煙が主な原因で呼吸困難をきたす病気だ。,医療・健康,4
458,免疫抑制剤は臓器移植後の拒絶反応を防ぐために使用される薬剤だ。,医療・健康,4
459,心臓リハビリは心疾患の患者が心肺機能を回復するためのプログラムだ。,医療・健康,4
460,腱鞘炎はスマートフォンやキーボードの長時間使用で手首や指に炎症が起きる。,医療・健康,4
461,音楽療法は認知症や精神疾患の患者に安らぎと刺激を与える補完医療だ。,医療・健康,4
462,睡眠時無呼吸症候群は夜間の無呼吸発作が日中の眠気や集中力低下を招く。,医療・健康,4
463,スポーツ障害の予防にはウォームアップとクールダウンが欠かせない。,医療・健康,4
464,花粉症の症状はアレルギー検査で原因抗原を特定することで対策が立てやすい。,医療・健康,4
465,生活習慣の改善は投薬なしで血圧や血糖値を管理できる場合がある。,医療・健康,4
466,メタボリックシンドロームは複数のリスク因子が重なった状態を指す。,医療・健康,4
467,高齢者のフレイルは筋力低下・疲労感・活動量低下が組み合わさった状態だ。,医療・健康,4
468,てんかんは発作を繰り返す神経疾患で薬物療法でコントロールできることが多い。,医療・健康,4
469,目の疲れを和らげるためには定期的に遠くを見る休憩が効果的だ。,医療・健康,4
470,感染症の流行期は手洗い・うがい・マスクの着用が予防の基本だ。,医療・健康,4
471,健康な体重を維持するためにはカロリーバランスの管理が基本となる。,医療・健康,4
472,水泳は関節への負担が少ないため高齢者や怪我のリハビリにも適した運動だ。,医療・健康,4
473,食事日記をつけることで食習慣の問題点を客観的に把握しやすくなる。,医療・健康,4
474,脂肪肝は肥満や飲酒過多による肝臓への脂肪蓄積で肝硬変に進行する恐れがある。,医療・健康,4
475,薬の飲み合わせによっては副作用が増強したり効果が減弱したりすることがある。,医療・健康,4
476,マインドフルネスは今この瞬間に意識を向ける実践でストレス軽減に役立つ。,医療・健康,4
477,セルフメディケーションは軽度の不調を自分で適切に対処する健康管理の考え方だ。,医療・健康,4
478,腸の健康はメンタルヘルスにも影響し腸脳相関として研究が進んでいる。,医療・健康,4
479,女性ホルモンの変動は月経・妊娠・更年期に伴うさまざまな体の変化を引き起こす。,医療・健康,4
480,禁酒や節酒は肝疾患だけでなく睡眠の質改善にも効果が期待できる。,医療・健康,4
481,適切なシューズ選びはランナーの足や膝の怪我予防につながる重要な要素だ。,医療・健康,4
482,核磁気共鳴画像法MRIは放射線を使わず軟部組織を鮮明に画像化できる。,医療・健康,4
483,ニコチン依存からの回復は禁煙外来でのサポートが効果的だ。,医療・健康,4
484,アンチエイジングの観点から酸化ストレスを減らす生活習慣が注目されている。,医療・健康,4
485,新型コロナウイルスの後遺症には倦怠感・息切れ・ブレインフォグなどがある。,医療・健康,4
486,消化器内視鏡検査は胃や大腸の粘膜を直接観察できる有効な診断手段だ。,医療・健康,4
487,心理的安全性が高い職場環境はメンタルヘルスの維持に好影響を与える。,医療・健康,4
488,スタチン系薬剤はコレステロール合成を抑制して心血管疾患のリスクを下げる。,医療・健康,4
489,ロコモティブシンドロームは運動器の障害で自立した生活が送れなくなる状態だ。,医療・健康,4
490,心拍変動はストレスや自律神経の状態を評価する指標として注目されている。,医療・健康,4
491,食塩の過剰摂取はむくみや高血圧を招くため減塩習慣の形成が推奨される。,医療・健康,4
492,医療AIは画像診断や疾患リスク予測の分野で精度の高い支援ツールとなっている。,医療・健康,4
493,筋肉量の維持には加齢に伴い筋力トレーニングの頻度を増やすことが有効だ。,医療・健康,4
494,ホルモン療法は更年期症状の緩和に効果的だが適応症例と禁忌を確認する必要がある。,医療・健康,4
495,抗がん剤の副作用管理は治療の継続性と患者のQOL向上に不可欠な支持療法だ。,医療・健康,4
496,テレメディシンは遠隔地の患者が医療サービスを受けるための革新的な仕組みだ。,医療・健康,4
497,バイオインフォマティクスはゲノムデータを計算機科学で解析する学際的分野だ。,テクノロジー,0
498,陸上競技の十種競技は10種目の合計点数で総合能力を競う過酷な競技だ。,スポーツ,1
499,鰹節はカツオを乾燥・発酵させた日本独自のうま味の強い食材だ。,料理・食べ物,2
500,ブータンは国民総幸福量GNHを指標とする小さな山岳王国だ。,旅行・観光,3
501,定期的な健康診断はがんや生活習慣病の早期発見に不可欠だ。,医療・健康,4
